ID,Name,Gender,Age,Country,Occupation
1,John,Dude,32,USA,Software Engineer
2,Sarah,Doe,28,Canada,Data Scientist
3,Michael,Smith,45,UK,Project Manager
4,Emily,Johnson,35,Australia,Teacher
5,David,Brown,40,USA,Doctor
6,Samantha,Miller,29,Canada,Marketing Manager
7,Christopher,Wilson,38,UK,Financial Analyst
8,Amanda,Moore,31,Australia,Engineer
9,James,Taylor,27,USA,Graphic Designer
10,Jennifer,Anderson,33,Canada,Writer
11,Matthew,Thompson,42,UK,Architect
12,Laura,White,26,Australia,HR Specialist
13,Robert,Jones,37,USA,Accountant
14,Elizabeth,Harris,30,Canada,Consultant
15,William,Davis,34,UK,Entrepreneur
16,Victoria,Martin,36,Australia,Project Coordinator
17,Alexander,Clark,39,USA,Software Developer
18,Megan,Thomas,31,Canada,Research Scientist
19,Nicholas,Hall,29,UK,Teacher
20,Ashley,Young,43,Australia,Marketing Director
21,Samantha,Robinson,28,USA,Data Analyst
22,Joseph,Allen,41,Canada,Product Manager
23,Stephanie,Lewis,34,UK,Engineer
24,Charles,Hill,30,Australia,Financial Advisor
25,Amanda,King,37,USA,Designer
26,Brian,Carter,32,Canada,IT Specialist
27,Kimberly,Bennett,35,UK,Sales Manager
28,Jason,Parker,39,Australia,Project Engineer
29,Melissa,Ross,26,USA,UX Designer
30,Jeffrey,Evans,38,Canada,Marketing Specialist
31,Linda,Morris,33,UK,Data Engineer
32,Justin,Ward,27,Australia,Product Designer
33,Christine,Collins,40,USA,Teacher
34,Brandon,Bailey,31,Canada,Software Architect
35,Amy,Cook,29,UK,Financial Planner
36,Scott,Murphy,42,Australia,Operations Manager
37,Andrea,Rogers,30,USA,HR Manager
38,Timothy,James,36,Canada,Project Coordinator
39,Rebecca,Watson,38,UK,Research Analyst
40,Patrick,Bell,43,Australia,Consulting Manager
41,Kelly,Cook,28,USA,Content Writer
42,Benjamin,Collins,45,Canada,Marketing Consultant
43,Ashley,Campbell,32,UK,UI Designer
44,Nathan,Phillips,29,Australia,Account Manager
45,Christina,Perry,37,USA,Web Developer
46,Jeremy,Hughes,31,Canada,Data Analyst
47,Michelle,Foster,36,UK,HR Consultant
48,Ryan,Kelly,34,Australia,Software Engineer
49,Katherine,Richards,30,USA,Project Manager
50,Tyler,Simmons,39,Canada,Research Scientist
51,Heather,Wright,26,UK,Marketing Coordinator
52,Daniel,Morgan,42,Australia,Financial Analyst
53,Angela,Cooper,31,USA,Teacher
54,Joshua,Walker,35,Canada,UX Designer
55,Amanda,Edwards,29,UK,Content Manager
56,Jonathan,Collins,43,Australia,Data Scientist
57,Courtney,Bell,28,USA,Marketing Director
58,Paula,Murphy,44,Canada,Product Manager
59,Donald,Campbell,33,UK,Software Developer
60,Stephanie,Hughes,30,Australia,UX Researcher
61,Jeffrey,Butler,37,USA,Project Engineer
62,Carol,Patterson,31,Canada,Financial Advisor
63,Keith,Gray,38,UK,Graphic Designer
64,Julie,Morgan,42,Australia,Teacher
65,Brian,Bailey,27,USA,Research Analyst
66,Janet,Adams,35,Canada,Marketing Specialist
67,Johnny,Henderson,41,UK,Data Engineer
68,Sara,Richardson,29,Australia,Product Designer
69,Randy,Howard,39,USA,Consultant
70,Martha,Watson,28,Canada,UI Designer
71,Carlos,Wright,36,UK,Account Manager
72,Tina,Green,34,Australia,Web Developer
73,Philip,Cook,32,USA,HR Manager
74,Brenda,Evans,43,Canada,Project Coordinator
75,Gary,Brooks,30,UK,Content Writer
76,Catherine,Foster,38,Australia,Marketing Consultant
77,Eric,Collins,31,USA,Marketing Manager
78,Anna,Kelly,35,Canada,Data Analyst
79,Howard,Ward,29,UK,Product Manager
80,Janice,Hall,42,Australia,Financial Analyst
81,Carlos,Gonzalez,28,USA,Software Engineer
82,Joan,Reyes,45,Canada,Data Scientist
83,Jesse,Barnes,33,UK,Project Manager
84,Catherine,Rogers,40,Australia,Teacher
85,Ronald,Ross,26,USA,Doctor
86,Christina,Garcia,37,Canada,Marketing Manager
87,Bobby,Ortiz,31,UK,Financial Analyst
88,Margaret,King,38,Australia,Engineer
89,Gregory,Lopez,27,USA,Graphic Designer
90,Alice,Young,43,Canada,Writer
91,Jerry,Scott,42,UK,Architect
92,Marilyn,Hill,26,Australia,HR Specialist
93,Louis,James,37,USA,Accountant
94,Jane,Taylor,30,Canada,Consultant
95,Howard,Anderson,34,UK,Entrepreneur
96,Phyllis,Thompson,36,Australia,Project Coordinator
97,Earl,Martin,39,USA,Software Developer
98,Anne,Thomas,31,Canada,Research Scientist
99,Roger,Hall,29,UK,Teacher
100,Lillian,Young,43,Australia,Marketing Director
101,John,Doe,89,Turkey,Engineer

102,Alis,Yï¿½cel,25,Turkey,Engineer

